P_IVA,nome,indirizzo,fax,tipo_azienda,proprietario
3L031M52O63,Kris Inc,4 Huxley Street,635-978-0013,R,3857
64RYF21A29H,Walsh and Sons,9986 Fordem Street,524-977-1669,,2440
G85N9S2K617,Marvin and Sons,3 Granby Plaza,194-337-4044,,4915
826GPQC29C2,Lockman-Steuber,74 Algoma Road,560-934-3132,R,2868
01P2LWGTC20,"McCullough, Dibbert and Kihn",00943 Old Gate Hill,233-767-8862,,8297
UG1YW7Q80QB,"Berge, Beer and Gusikowski",28 Oak Valley Parkway,913-785-1105,R,7661
8Y60JFQ69VI,Schultz-Heller,291 Spaight Circle,847-113-5271,R,8328
805K8MM5R05,Rau LLC,21 Brentwood Alley,519-131-1770,R,1448
8J77798W9H5,D'Amore Group,9 Ilene Way,678-465-7161,R,7713
4IM7JB5N17D,Kohler-Rice,5 Amoth Road,834-872-3500,R,466
2X027CJJN65,Reinger Group,8419 6th Park,290-105-6098,R,5247
QA80I14M9WA,Schaefer Group,01 Main Parkway,964-798-5817,R,4665
UI3FA45M019,Kassulke-Osinski,695 Schurz Hill,548-925-2590,,479
0027C31YZ50,"Lemke, Koelpin and Mosciski",4 Bartillon Hill,442-103-6707,,686
N7T9BHSCIN9,"Macejkovic, Bergnaum and Kunde",75 Nevada Hill,290-346-0675,R,7650
Z2L19Q3LA4T,"Jast, O'Conner and Huels",08673 Eastlawn Lane,934-393-0858,R,2318
X52DMLM3Y3F,Huels-Zulauf,9 Hoepker Way,573-639-1047,R,4389
1GAENEN1ZM2,Schulist-Stoltenberg,2523 Grayhawk Center,231-124-3474,R,7907
7R649Y05DD0,"Larkin, Daugherty and Hilpert",1533 Mcbride Way,400-638-2229,R,8149
K0B8XQQ8PAM,Bode-Gulgowski,12531 Bellgrove Center,855-895-4169,R,6034
HTC22ZC1HU3,Hoeger Group,377 Monica Terrace,686-286-8753,R,6592
NSU4RA06ORQ,"Von, Zulauf and Herzog",8467 Northview Junction,421-166-3827,R,7270
71O7C5Z0755,Toy and Sons,57 8th Alley,968-801-2420,R,2404
5K016RC82P6,Farrell-Hackett,14 6th Terrace,779-661-6175,R,5563
E550JT6T5XE,"Bahringer, Schaefer and Batz",4 Manufacturers Junction,225-466-5902,R,5075
YE02ZZTX1Y2,Kassulke Group,54529 Lien Trail,909-878-5534,R,5659
AG7F8IIWTPJ,"Hills, Zieme and Murazik",62689 Alpine Alley,228-823-6666,R,7140
182FMM6W544,Parisian-Casper,3 Ronald Regan Drive,569-804-2316,R,2623
201M47E8U9E,Cartwright-Stroman,7850 Sunfield Alley,143-272-3705,,308
5GE6ZV197E3,"Sawayn, Pfannerstill and Jast",6 Crownhardt Court,809-345-7307,,4952
897054X59U3,Sawayn-Bayer,8 Hollow Ridge Pass,802-979-5422,,680
RTE20RJ6QGJ,Gusikowski Group,3 Vermont Center,964-476-3004,R,7924
4LYZ0XDLQN8,"Abernathy, Flatley and Hayes",621 Morningstar Way,447-116-5286,R,244
3D1L00FX6Z5,"Nader, Muller and Ryan",514 Ohio Hill,760-809-2419,P,7459
D31QY493PFE,"Schiller, Crona and O'Connell",5622 Haas Place,850-362-0073,P,
0AF10U691VE,Waelchi Inc,9816 Merry Park,936-767-1723,R,8540
B6YIX8M5648,Kuvalis-Schulist,69001 Logan Hill,274-846-2859,R,8407
N3IB07I240V,"Bauch, Streich and Schumm",05216 Calypso Place,107-196-3367,,5786
BYE0XE3H807,"Conn, Lueilwitz and Schoen",26 Northview Hill,690-433-0062,R,3282
5KUH2299NAF,Feeney-Hermiston,08033 Oriole Street,565-730-0994,R,7887
0SV46X6HX44,Jerde Group,2642 Vidon Court,334-102-6954,,8079
PFSS1Z28COY,"Baumbach, Kertzmann and Haley",02 Lake View Plaza,491-672-5708,R,306
87041TS64OW,Wintheiser-Ledner,4719 Montana Point,979-526-2595,R,6672
1U421SB65J1,Okuneva-Rodriguez,6941 Sycamore Alley,285-916-7656,R,7505
3346CTPY09D,"Okuneva, Zulauf and Daniel",8646 3rd Pass,193-635-3209,R,5022
1N68C3FCYG3,Huels LLC,9086 Erie Alley,813-652-9973,,6074
Q4H59693IDF,Prohaska Group,53664 Mayer Park,714-196-4115,R,1848
Q781T4II60K,Parker-Bogisich,4 Dawn Point,246-636-8955,R,6343
18704SY88Y7,Feeney-Pouros,16 Oxford Circle,678-948-6837,R,2517
8VA5QZSC2SZ,Fahey and Sons,63398 Spenser Avenue,415-996-4529,R,3680
MBG6AKD7QD2,Turcotte Group,4 Merrick Street,794-477-7695,R,7500
PY0V0X47I75,Schulist-Bartell,9319 Northridge Way,690-277-8065,R,5130
2H19QYW5SCT,Jenkins-Sporer,145 Sloan Place,852-773-7806,P,6300
LU7E1PLN83B,Schuster-Bednar,50655 Drewry Drive,484-504-0381,,8957
NRX3X6D84FU,Cummings-Purdy,65982 Lien Trail,825-731-4204,,3146
HRY150LSC9O,"Jast, Feeney and Huel",556 Buhler Plaza,109-651-6239,P,
B34WY4JHM6L,"Langworth, Kiehn and Stroman",6 Raven Pass,402-738-4585,P,
42DZT839E3K,"Stokes, Rosenbaum and Boyle",743 7th Way,967-411-5584,R,7049
5RAL99U2I21,Homenick-Lakin,9 Norway Maple Place,636-915-2534,R,6361
2DVM205DL47,"Lueilwitz, Hirthe and Torphy",08 Bowman Road,133-264-9857,,4884
28G7P8BB7B6,"McGlynn, Farrell and Lind",3569 Clove Court,342-260-1907,R,8620
64M91ABO83C,"O'Connell, Gerlach and West",22713 Reindahl Lane,796-628-9155,R,899
O037AB1083D,"Kozey, Veum and Harvey",23 Northport Center,561-611-1848,R,2162
O73HP86YAKT,Trantow Group,0 Amoth Hill,921-837-7330,,5582
BPKB34GUV75,Stark LLC,845 Bowman Center,110-868-6512,,684
79I585Y9IMW,"Rice, Stroman and Schmitt",964 Caliangt Way,335-342-0436,R,6465
N5FN73IO853,Veum Group,2808 Hoffman Terrace,859-888-8846,,7612
91EDCUVZSI4,Monahan Inc,3359 Drewry Park,458-512-2255,R,4693
H0QL028HLIE,Price and Sons,06 Hagan Circle,372-248-3047,,8320
35XVU62711F,"Trantow, Legros and Klocko",5158 Lakewood Gardens Avenue,306-121-0296,R,1147
MZS9Q46PV47,Kuhic Group,5 Marcy Street,386-834-6117,,3505
ETLP5JO185H,Murphy-Zboncak,295 Lyons Center,743-537-4665,,8506
N5L056M2B2S,"Johns, Moore and Lynch",3518 Heffernan Lane,292-306-8759,,4889
7YMZ3G4181E,Reichel Inc,95 David Trail,952-707-7681,R,7200
FA8MVIZI3KM,Sawayn Group,3373 Kedzie Terrace,944-198-4908,R,7022
SQ794RV3CO6,"Stamm, Moore and Krajcik",37554 Michigan Way,659-452-8775,R,5650
91O70LOD89T,Johnston-Bernhard,6 Mallory Crossing,208-530-3914,,6732
NKLNF74Z4XW,Conn Group,2600 Moulton Plaza,996-786-9552,,3009
B399RUCYEM7,Brakus and Sons,403 Melvin Alley,606-212-3174,R,4622
XK8N3DAM8T2,O'Conner LLC,06 Rowland Crossing,926-160-3421,,1357
2V56S0ZGGK9,"Lockman, Bernhard and Vandervo",46 Anthes Drive,834-256-5083,P,
Z9944WJW4C8,Streich Group,46995 Killdeer Terrace,186-860-4233,R,8580
6188R63252R,Jacobi and Sons,43030 Armistice Alley,921-257-0832,R,1186
O8092E8ON8C,Kozey LLC,12 Ronald Regan Alley,253-210-9937,R,7174
ZPN33JEMBSV,"Metz, Cummings and Hessel",56 Independence Circle,755-300-8488,,1923
K7897G2T9Z3,"Bauch, O'Kon and Kuvalis",565 Jenifer Park,396-939-9631,R,2602
4YV085D709H,Beahan-Erdman,52 Blaine Park,636-846-3587,R,1911
1Y0L6B5H2CU,Hagenes-Olson,76 Twin Pines Road,677-190-1192,R,4334
4E8LNS914Y3,Roberts Group,85419 Maywood Drive,566-880-3166,,931
MUE5500G4M0,Towne and Sons,83741 Oxford Point,726-497-7128,R,1453
7R8464S873K,Kunde and Sons,6 Eagan Terrace,975-991-2565,R,65
DN95V6J3N27,"Schuster, Leannon and Powlowsk",0051 Pleasure Hill,227-366-9781,R,6483
Y1U15291980,Macejkovic-Connelly,62606 Commercial Parkway,477-885-5809,,49
325LE8Q1255,O'Connell-Runolfsdottir,1912 Express Court,290-298-0462,,8674
O99RN42IODA,Deckow and Sons,89729 Buhler Place,674-428-3766,R,8152
K4HY8447D12,Moore LLC,6754 Randy Drive,719-232-6263,R,5256
958E37B44RS,Gerlach Group,12 David Terrace,321-854-9950,,4001
W785VAUEV6Q,Baumbach-Roberts,24 Susan Road,886-313-3848,R,6835
R5Q0MTR77VN,"Hahn, Miller and Effertz",8 Autumn Leaf Hill,850-395-1919,R,1897
6RFVNFL5FLR,"Yost, Roob and Carroll",7 Washington Alley,965-570-8877,,7063
LQ1P0XE0S4F,O'Keefe and Sons,9 Marquette Plaza,366-757-2009,,7506
1N7T7596OI5,Bernhard-Turner,7154 Onsgard Point,673-406-4880,,6454
R0UPS1D4000,"Goldner, Cronin and Buckridge",64 Butterfield Alley,676-823-4926,R,6473
449S4NVE3FH,Kuhn-Mohr,04 Barby Pass,769-117-9229,R,5442
8K6I5N554QG,Dare Inc,08 Independence Road,495-171-4472,,8933
GCPE13IFE99,Konopelski Inc,0056 Loomis Junction,828-267-9804,R,1760
7A437TTT75A,"Conroy, Schultz and Jakubowski",1 Bayside Place,203-464-9210,R,2673
QG10W1G3244,Ledner and Sons,55 Mcguire Terrace,859-740-0868,R,120
CY0UL612YUH,Armstrong-Will,83 3rd Junction,949-328-2835,R,204
YK255QWB7V7,Runolfsson LLC,9 Mayfield Avenue,891-146-6287,R,3901
0M7SJH2935T,Schuster LLC,00 Manitowish Trail,357-402-5623,R,7273
QUBE6S9PAVA,Grimes-Kshlerin,10947 American Ash Trail,161-309-5687,,8046
OG35M2M9324,"Kuhic, Ritchie and Rosenbaum",884 Starling Place,988-407-3917,,1975
KD1W678ENYS,Schamberger-Wehner,89304 Sutherland Street,469-103-5182,,1892
SUQZ82B8A05,"Doyle, Willms and Waelchi",94637 Sunfield Pass,259-648-7172,R,8546
668A9Y341P4,Kessler Group,90579 Roth Place,231-283-8229,R,1862
G73OEWK8Y2F,"Gutkowski, Hills and Morissett",81719 Meadow Valley Way,617-697-4533,,6366
ERA4A59NC83,Adams Inc,597 Kingsford Place,578-231-9531,P,
P0B05TFR7Z5,"Schaden, Bernhard and Gleason",69946 Erie Lane,970-485-6956,,5432
LVLL3CZK8D8,"Simonis, Kling and Schuster",469 Sycamore Circle,914-917-6756,,57
73593HAUQWJ,"Green, Hammes and Frami",47 Eastwood Hill,427-835-3885,P,
99AOQNC80TO,Sawayn-Brakus,1 3rd Drive,334-250-8030,R,8081
7JLC4G55N5F,Keeling Inc,1 Charing Cross Pass,320-896-1503,,8459
D8C628O05VQ,Padberg-Purdy,454 Scott Pass,953-667-6718,R,3643
OYKD8U36O6W,Kemmer-Krajcik,669 Knutson Place,986-536-5965,R,6214
CQ41TQKGW85,Durgan-DuBuque,30 Toban Junction,122-709-7901,R,489
EEM2Q8659M5,"Kshlerin, Glover and Conroy",8327 Doe Crossing Center,236-141-3867,R,6276
3V8717OL4PK,Nader Group,35343 Monument Court,786-176-9334,R,7941
68EI9AF0G7N,"Doyle, Sanford and Kohler",58247 Manley Plaza,238-276-3828,R,4791
D6Y31D7XK3I,"Witting, Daniel and Breitenber",5886 Arapahoe Lane,574-843-5191,R,5391
WOQ6409LM67,"Murray, Labadie and Hammes",28 Hooker Street,772-487-2200,R,657
51SBM1F7XX9,Pollich and Sons,8 Summit Hill,634-592-4051,P,
233U4R42948,Howe and Sons,618 Armistice Junction,747-761-4250,,6857
UG7BF00X93G,Boyle Inc,27875 Reindahl Junction,370-356-3602,R,6482
JQ492437FR0,Nienow-Becker,5 Lyons Lane,459-304-4767,R,1316
Q6DR3OT2L30,"Wyman, Murray and Koss",1275 Maple Drive,615-813-4671,R,1868
0Z94NIGW248,Conroy and Sons,58322 Pearson Court,645-494-9084,R,689
N5CIZI39OH2,O'Keefe-Thiel,86830 Cordelia Drive,178-237-8734,R,1520
7M577Z63EQV,Zemlak-Wunsch,56551 Del Sol Drive,583-909-4104,R,2095
L35XQ69L688,Ledner-Okuneva,035 Novick Hill,405-939-4991,,2739
5VT70BKPDON,"Koss, Senger and Batz",8 Fordem Circle,758-162-8957,,1013
GZA86043531,Hudson Group,94001 Dovetail Point,657-939-9977,P,3862
7725R0PNI49,Bernier-Langosh,830 Troy Park,490-180-5628,R,4131
J4CFSP0MCEI,Predovic LLC,1668 Clarendon Way,619-791-0206,P,
75JC6E4213S,Champlin-Douglas,3 Welch Lane,657-131-6587,R,1134
UO668PUC389,Rutherford LLC,11 Packers Crossing,565-151-0034,R,352
667242L1X11,Klocko Group,338 Rusk Park,148-822-7179,R,1137
ZTE7JX3S60P,Murphy-Skiles,62 Atwood Way,957-705-5906,R,1488
H34HC33H3Q5,Graham Group,92245 Golf Course Park,251-563-1259,R,7330
6OA80GYZU91,"Gleichner, Crist and Orn",1946 Johnson Center,258-640-5045,,8969
234YT1J47H5,Huel-O'Conner,6 Darwin Center,622-930-6195,R,7862
09PQCMNT0MB,"Hermann, Rempel and Rau",39 Caliangt Park,236-559-4599,R,7328
7IJUH5774D6,Ruecker-Turner,8396 Grasskamp Center,781-380-9086,P,
J0TY52H75XF,Kerluke-Schoen,37 Brown Park,789-407-5842,R,1119
N7WA1I04L1K,"D'Amore, Klocko and Jakubowski",25823 Miller Drive,692-489-3966,,2992
GGKD89VSJ85,Greenholt-Baumbach,9433 Arrowood Park,275-258-5137,R,5964
14F517G579X,Walsh-Goldner,0637 Killdeer Pass,644-358-6893,R,3648
32H409W3Y6Y,"Predovic, Pagac and Pfeffer",5 Birchwood Place,233-231-6376,P,
C6P4AEH0AH8,Hamill-Reichel,40 High Crossing Way,424-290-8261,,810
4ZJIDG3N5N5,"Rowe, Schroeder and Moen",03084 Lake View Place,105-336-3596,R,8414
847XQ9811OK,Huel Inc,3186 Grim Plaza,956-904-9146,R,3656
GNL78N3LVL0,"Goodwin, Yost and Parker",072 Bunting Circle,606-940-8733,,5129
AV32D624767,Hermann Inc,77845 North Hill,744-664-1604,R,2429
FIC6032BZPT,Jones-Dickinson,1 Pleasure Plaza,888-398-9163,R,5497
W36FNQZW804,"Conn, Rosenbaum and Borer",3249 Luster Court,924-582-1528,,4251
14F2R7J4A2Y,"Hodkiewicz, Grant and Greenfel",4 Prentice Road,487-147-3377,R,4704
40EH6T1PIZ9,"Von, Padberg and Bode",362 Macpherson Plaza,721-622-2687,R,591
4MRCJ49DXQF,Bartell-Mertz,219 Shasta Parkway,284-966-4795,R,6042
I3ZNDB7K613,Beier Group,472 Prairieview Hill,374-772-1770,,4986
K6QWT4F1O95,"Roberts, McLaughlin and Jones",05 Gina Place,385-944-3304,R,6040
XR2M14MO3Z5,Emard-Rodriguez,3776 Superior Terrace,861-739-5371,P,
02CUNA63048,"Wuckert, Bosco and Collins",68379 3rd Circle,322-321-8136,R,6354
B805343EKG2,Labadie Group,5 Redwing Plaza,863-421-7443,,4115
T77A6F5335C,"Hoppe, Hirthe and Cassin",7 Beilfuss Center,361-831-6791,,3014
IN1K98RI027,Turner and Sons,2 Stephen Terrace,383-644-8296,R,7100
48V84DOKME9,"Lang, Kautzer and Gleason",2190 Lyons Parkway,355-387-2195,,3820
PH836FWL5H4,Thompson Inc,456 Holy Cross Trail,226-904-7247,R,3701
76CKUTCPM24,"Schamberger, Harber and Gleaso",70 Steensland Center,949-697-0427,R,8464
8UJ99EACY6V,Spinka-Reilly,66 Troy Road,321-855-4239,R,814
L2L5GC9TBW4,Stehr Group,57 Petterle Circle,757-339-7045,,5747
5ZC7M2G427M,Marks-Kilback,88 Fieldstone Park,914-207-4726,R,4118
3A65N8A64VP,"Abernathy, Kub and Pacocha",42 Warbler Circle,874-438-4633,R,3415
9263T808D74,Schimmel-Welch,229 Vahlen Plaza,681-231-3156,,1869
BD0V084Y45X,Will-Gibson,1092 Bluestem Trail,776-959-7715,,3507
49RNC3Y8KID,Bashirian Inc,592 Bartelt Park,514-204-7853,R,1349
046MQS59883,Feil LLC,668 Melrose Pass,914-405-2221,R,485
8Z6MV56Q9IX,"Russel, Kuhlman and Kutch",85 Hooker Place,194-904-1608,R,1737
O5IX0P02245,Larson Group,28763 Homewood Street,560-186-8057,R,5347
G3Z9I819J88,Bruen-Jaskolski,017 Huxley Lane,703-139-6337,R,1534
27097NRV5IL,"Bartoletti, Bernier and Mraz",71 Hoepker Place,507-286-3489,R,6396
8204Q107X37,Wisozk Group,700 Bay Parkway,855-326-0480,R,8008
YR2FZK3L31F,"Wuckert, Schulist and Moen",05775 Waubesa Street,950-186-9557,R,8764
GX199WF37E1,Upton Group,1 Troy Court,726-952-6860,R,4082
127757E39AL,Skiles-Cole,43 Kenwood Hill,710-388-6650,,4990
67V042E3P33,Harris and Sons,58211 Westerfield Point,271-621-4950,,4976
GCIBKF7GGKX,Miller-Johnston,3 Westerfield Lane,434-612-5053,,510
F76FN023R11,Block-Gutmann,33 Menomonie Pass,892-320-5135,R,94
SAU4EWAW6AC,Gerlach Group,6884 Tennyson Terrace,149-210-6512,,3378
Q57GJC6E7C2,Runte-Adams,99138 Lotheville Circle,159-666-9402,R,2184
B99UQ2Q0MY5,"Littel, Herman and Schroeder",3727 Kings Trail,335-336-6344,R,8372
BCE3L0M4861,Hagenes Group,72473 Stuart Point,493-267-9351,R,7198
0O250RL1I91,Friesen LLC,1931 Cordelia Way,831-829-5816,R,752
06V34TCF3AB,Fay LLC,394 Bowman Street,101-270-3446,,2425
NX9ZN6R0413,Stanton Group,0292 David Park,492-855-5339,R,6071
EZN836Q599N,Hudson-Schimmel,200 Florence Park,302-646-7258,R,3099
67R6K9P9OA8,"Bogisich, Torp and Kozey",86 Lunder Avenue,798-676-2889,P,8814
O3R4C759U74,Ruecker-Schulist,81536 Washington Park,361-961-3519,R,8530
7TI857T2T5X,Gorczany Group,1889 Mcbride Way,730-472-3331,R,6063
HNA44MKKD05,Walsh-Bergnaum,4908 Dahle Parkway,930-650-9881,R,2004
2W99QX45X2F,"Medhurst, Braun and Abernathy",37 Tennessee Park,584-160-8723,R,8778
2J1F30F5X4W,Goyette LLC,8282 Harbort Drive,124-607-5641,R,165
64FFZT2EK16,Jerde and Sons,589 Dixon Hill,363-833-3366,R,4977
4HW4UOYYTBB,"Kertzmann, Steuber and Bailey",97 Transport Center,214-656-4352,P,
1NO9LZ358C3,Kirlin and Sons,72938 Reindahl Center,704-104-8232,R,3322
Y29J8E8OV3O,"Jakubowski, Wunsch and Murphy",2 John Wall Alley,779-219-6263,R,7859
J0SGM37XX6H,"Senger, Hamill and Lockman",0 Emmet Junction,395-173-1839,,4138
LM6YXBBO279,Hickle and Sons,3 Monument Center,403-303-6032,R,1559
638HFD4R5DY,Feil Group,23763 Pleasure Court,969-102-3377,R,784
87Q4M937A0J,Graham Inc,7498 Delaware Alley,101-689-6279,R,6798
2WCU91V67QQ,Konopelski-Boyer,4 Thompson Trail,157-476-1566,R,5946
B23G6F21I94,McClure Group,57755 Rowland Drive,415-696-3075,,761
C00WQIH47LX,Williamson-Goldner,8182 Pankratz Court,387-302-7210,,3716
1RF82RUGX07,"Hodkiewicz, Ebert and Johnston",8980 Nova Lane,422-468-0809,R,875
K5IIVY937T2,Schmidt-Bins,10 Brickson Park Center,800-263-8551,R,4728
MT12S2KP9G8,"Brown, Roberts and Terry",85 Macpherson Circle,405-546-4071,,5155
0C8ZWD3H383,Osinski Group,0 Elgar Lane,268-467-3373,,1586
PITL444765B,"Herman, Glover and Yost",34 Pine View Plaza,617-926-5514,R,8420
FNGBK00Z251,Witting Inc,586 Cascade Circle,935-312-4924,,8834
O3BJ7622NX7,"Friesen, Davis and Rippin",50 1st Circle,769-792-0399,R,8065
2R9G8W8H70E,Jakubowski-Kassulke,44 Schurz Alley,667-933-1474,R,4088
34WA2Y3M2U4,"Langosh, Kohler and Cartwright",36454 Dakota Junction,273-976-4104,R,7118
3Z9343BIY53,Zieme LLC,5272 Hudson Crossing,434-627-1959,R,3686
46V60BCDD8T,Johns-Nicolas,78759 Heffernan Court,285-124-6662,R,148
8M5NG0941YT,Lebsack-Pfannerstill,37 Anderson Street,162-101-7910,R,2883
T57SK56Z1DR,Cole-Bauch,06887 Kingsford Hill,224-491-9176,R,1193
OOB2KLY4NMV,Huel-Legros,6 Ridgeway Place,584-772-2456,R,1010
D1M3X7G0M62,Zieme Group,499 Utah Point,521-747-1580,R,4044
7766OTW4HW3,Legros-Gleason,1 3rd Hill,876-966-3173,R,2422
Q372ZMM0133,Bergstrom-White,51 Kennedy Parkway,306-767-7506,R,4790
3I7FF0G5YC8,Nicolas-Wintheiser,1141 New Castle Trail,814-608-2542,R,2119
4XG6U2DZIS3,Baumbach and Sons,68006 Moose Crossing,571-823-8990,R,6923
IE5C51363U3,"Herman, Cormier and Swift",5717 Superior Road,313-168-5278,R,7096
QH81V34FG88,Stamm-Veum,401 South Pass,299-127-0983,R,6678
7N1CK6SHKMY,Fadel-Moen,307 Mcguire Way,860-302-4962,R,7632
99BM1L6X690,O'Conner LLC,6454 Brentwood Court,632-296-3635,R,3541
6M5H252R9M9,"Schmeler, Zulauf and Connelly",25310 Maple Wood Way,271-393-1135,,3709
HC0CTPS7799,"Dickens, Will and Labadie",294 Mitchell Place,561-390-8866,R,4038
ZD8LS40N1F7,Stark Inc,1205 Leroy Crossing,154-833-5747,,7439
6HO530LPUWX,White Group,89719 Rigney Place,231-375-1434,,3983
8TB5KMBEF2Y,"Wuckert, Walsh and Rath",646 Monica Park,380-533-4844,P,
79DC1281QV0,"King, Borer and Schuppe",3298 Susan Street,828-132-8680,R,3456
MY851J4969M,Metz-Bahringer,572 Manley Crossing,369-857-5456,R,2820
K875PV88002,"Leffler, Streich and Sauer",05 Southridge Way,409-394-0586,,6433
YKZN376U25J,Johnson-Durgan,5 Gale Junction,279-961-7643,R,855
88WGA1AH700,Lemke Group,30 Clarendon Trail,702-147-1287,R,2576
M2O87E762IV,Stanton LLC,8 Huxley Center,732-567-7067,,5857
QYS7YCM127D,Batz Group,5 Muir Way,865-316-0754,R,8732
6OJEKM5F93X,"Gibson, Erdman and Schmitt",124 Green Ridge Parkway,831-890-6922,R,113
0184YEXOV11,Christiansen-Streich,28 Hansons Street,402-404-3776,R,5010
379D7K9NC6P,"Waters, Bednar and Halvorson",4056 Wayridge Alley,432-246-0472,,5798
BK6M305N5FN,Flatley Group,994 Hudson Drive,404-453-6903,R,8474
J30Y48MW839,"Yundt, White and Gleason",47 Chive Court,125-516-6131,R,7582
933856Z26ZY,Kris-Prosacco,1545 Graceland Center,747-366-9174,R,2518
V811F38KYD6,Brown LLC,41 Texas Drive,186-755-5136,P,
IIB4675D60Q,Okuneva and Sons,6 Carpenter Street,897-210-8984,R,1099
D39M15V9O1X,Wintheiser and Sons,584 Grayhawk Way,611-400-8747,R,4809
MV68LRU17DC,"Bogan, Pfeffer and Feest",37 Bowman Court,144-279-6227,R,2735
O172F70L139,Erdman-Stanton,58 Esker Place,806-956-7918,R,1594
KZ39136C8L3,Kuhic LLC,652 Anniversary Place,944-382-9267,R,803
O1RTI630PNT,Rowe-Kreiger,2 Mayer Place,137-548-1091,R,5876
34K5T728112,Bosco-Farrell,7535 Bashford Avenue,593-200-4333,R,7553
741Q8RBW706,Luettgen-Mosciski,265 Troy Point,974-820-1138,R,6420
E9ID477JY3Y,"Waters, Brakus and Bosco",8 Rieder Center,527-739-1017,R,6237
0NTEHCAYK5I,"Mosciski, Nikolaus and Fritsch",2601 Vera Drive,497-388-7087,,6854
218S33G4ON6,"Vandervort, Metz and Mills",16 Dakota Court,240-240-2476,R,2480
4PW593NNV3R,Pfeffer-Mills,7 Mitchell Place,381-439-8242,P,7695
8398915KI5T,Mohr-Schuppe,52 Westport Crossing,882-681-1474,R,3893
ESPF9V77MG0,Waters-Sanford,8 Dorton Crossing,254-605-2511,,7648
4M240GRI25E,"Padberg, Senger and Dickens",2577 Gateway Crossing,663-535-4148,R,8044
4Y592S0H4I4,"Champlin, Heller and Grimes",06 Elmside Circle,277-897-3358,P,
7W43B1MYES3,Bartell Inc,3 Vidon Terrace,721-159-6750,R,6331
7108N7EF774,"Cruickshank, O'Kon and Kihn",3359 Crescent Oaks Center,477-994-6948,R,8843
5562Z4YKGW4,Goldner-Abshire,9337 Aberg Plaza,566-772-2919,,6598
HQ4489224V7,Keebler-McClure,868 Hoepker Avenue,233-427-8294,,7206
6BC30S58T33,Breitenberg-Kunde,0837 Portage Avenue,927-718-1015,R,7944
1RR68KO3457,Huels LLC,171 School Parkway,107-270-6737,,3254
E46DR3ONN89,O'Connell Inc,98920 Glacier Hill Court,594-260-7156,R,7353
Z5H78SD87Y5,"Cruickshank, Schuppe and Stark",525 Packers Center,284-996-2434,,8057
22X6W98J3AS,"Hartmann, Hoeger and Schowalte",9 Gerald Point,686-513-6248,R,3260
2YT4V8B1WC2,"Ratke, Kilback and Fisher",6 Walton Avenue,491-816-0284,R,8288
XE95GM0X7BI,Daniel-Dooley,535 Jenna Terrace,330-747-7073,R,7647
NP7T7EW3ECJ,Goyette-Pfannerstill,09829 Toban Junction,780-227-2931,R,2565
70746959F7G,"Legros, Padberg and Schuster",49108 Bobwhite Street,703-102-1231,,577
D7Z7G8SN81K,Bergnaum Group,700 Sunbrook Circle,589-466-5086,R,5449
H14KLW907BS,"Lind, Dickinson and Osinski",5 Birchwood Road,931-328-6273,R,6584
I359GB6633L,Bradtke-Cruickshank,031 Corscot Point,900-801-4089,R,312
1D963XB0TXE,Champlin Group,25 Westridge Parkway,330-250-6552,R,4795
475O989BL6M,Roberts-Runolfsdottir,1689 Burrows Place,114-179-0177,R,4267
5928F4U3B8T,Dooley-Hayes,67 Waywood Terrace,279-284-7597,R,6852
1184H11940A,Gusikowski-Pfannerstill,3731 Florence Junction,340-358-5344,,2700
